billing_date,service_name,region,resource_id / resource-name,usage_type,cost,usage_quantity,instance_type,volume-type,autoscaling-count,storage_type,tag-project / tag-name,tag_environment,data_transfer_gb,is_anomaly,department,environment,project_name,month
2/21/2026,AmazonEC2,ap-southeast-1,i-32d1026706d7e805d,DataTransfer-Out-Bytes,7.5,74.971,,,0,,finops-lite,test,74.971,0,HR,dev,CloudMigration,2
2/11/2026,AmazonS3,us-east-1,budgetguard-dev-bucket-3bb81e,DataTransfer-Out-Bytes,3.13,31.283,,,0,,budgetguard,dev,31.283,0,Operations,dev,AIResearch,2
2/18/2026,AmazonEC2,ap-northeast-1,i-b62179273c8eb5bb6,DataTransfer-Out-Bytes,1.17,11.711,,,0,,carci,staging,11.711,0,Marketing,dev,MobileApp,2
2/22/2026,AmazonS3,ap-northeast-1,carci-prod-bucket-75ec87,S3:Storage.Glacier,355.5,3554.959,,,0,Glacier,carci,prod,0,0,Operations,test,MobileApp,2
2/22/2026,AmazonS3,ap-southeast-1,carci-test-bucket-c826a6,S3:Storage.Standard-IA,15.19,151.893,,,0,Standard-IA,carci,test,0,0,Operations,dev,MobileApp,2
2/21/2026,AWSLambda,ap-northeast-1,lambda:costwatch-dev-fn-78dc,Lambda:Requests,374975,3749750,,,0,,costwatch,dev,0,1,Finance,prod,WebApp,2
2/12/2026,AmazonS3,ap-northeast-1,startup-x-staging-bucket-45d2cc,S3:Storage.Standard,155.6,1555.999,,,0,Standard,startup-x,staging,0,0,Marketing,prod,AIResearch,2
2/20/2026,AWSKeyManagementService,eu-west-1,key/38a39d5e0853964b50af03b971722f24,KMS:Requests,1456216.6,14562166,,,0,,startup-x,prod,0,0,Marketing,dev,MobileApp,2
2/5/2026,AmazonVPC,ap-northeast-1,nat-d669cbee,DataTransfer-Out-Bytes,12.24,122.409,,,0,,finops-lite,test,122.409,0,Marketing,prod,WebApp,2
2/4/2026,AmazonS3,us-east-1,carci-staging-bucket-702172,S3:Storage.Glacier,186.35,1863.491,,,0,Glacier,carci,staging,0,0,Operations,dev,DataLake,2
2/2/2026,AmazonECR,us-east-1,ecr/finops-lite-test-repo-64f7,DataTransfer-Out-Bytes,9.13,91.268,,,0,,finops-lite,test,91.268,0,HR,dev,DataLake,2
2/26/2026,AWSLambda,eu-west-1,lambda:carci-dev-fn-bdde,Lambda:GB-Second,102895.46,1028954.642,,,0,,carci,dev,0,0,Marketing,prod,WebApp,2
2/28/2026,ElasticLoadBalancing,ap-south-1,app/carci-dev-alb/3766e4d58e,DataTransfer-Out-Bytes,11.85,118.524,,,0,,carci,dev,118.524,0,Operations,dev,WebApp,2
2/8/2026,AmazonCloudFront,us-east-1,cf/275dff6c15c0,DataTransfer-Out-Bytes,3.42,34.188,,,0,,startup-x,dev,34.188,0,Finance,prod,AIResearch,2
2/13/2026,AmazonS3,ap-southeast-1,costwatch-test-bucket-469611,DataTransfer-Out-Bytes,1.31,13.104,,,0,,costwatch,test,13.104,0,HR,test,AIResearch,2
2/24/2026,AmazonS3,us-east-1,costwatch-staging-bucket-25227c,S3:Storage.Standard,53.35,533.477,,,0,Standard,costwatch,staging,0,0,Finance,dev,DataLake,2
2/4/2026,AmazonRoute53,ap-south-1,hostedzone/da86a78c49ea2,Route53:HostedZone,0.1,1,,,0,,startup-x,staging,0,0,HR,test,MobileApp,2
2/1/2026,AWSLambda,ap-northeast-1,lambda:carci-dev-fn-84b2,Lambda:Requests,252856.1,2528561,,,0,,carci,dev,0,0,Operations,prod,DataLake,2
2/8/2026,AmazonRDS,us-east-1,db:startup-x-prod-01,DataTransfer-Out-Bytes,9.91,99.086,,,0,,startup-x,prod,99.086,0,IT,test,MobileApp,2
2/26/2026,AmazonVPC,us-east-1,nat-34833489,DataTransfer-Out-Bytes,6.24,62.411,,,0,,startup-x,test,62.411,0,HR,test,MobileApp,2
2/20/2026,AmazonS3,us-west-2,budgetguard-staging-bucket-12d810,DataTransfer-Out-Bytes,10.41,104.062,,,0,,budgetguard,staging,104.062,1,Finance,prod,AIResearch,2
2/11/2026,ElasticLoadBalancing,ap-south-1,app/budgetguard-dev-alb/d03241b4d4,DataTransfer-Out-Bytes,19.39,193.92,,,0,,budgetguard,dev,193.92,0,Operations,test,CloudMigration,2
2/2/2026,AmazonS3,ap-northeast-1,carci-prod-bucket-73bd47,,388.69,3886.907,,,0,Glacier Deep Archive,carci,prod,0,0,HR,test,CloudMigration,2
2/28/2026,AmazonEC2,ap-southeast-1,i-ad7853c1f76eb9770,BoxUsage:t3.medium,0.55,5.508,t3.medium,,0,,finops-lite,prod,0,0,IT,prod,WebApp,2
2/22/2026,AmazonEC2,us-west-2,i-ca0385813dbad3c68,EBS:VolumeUsage.io2,1.86,18.593,,io2,0,EBS,carci,prod,0,0,IT,test,AIResearch,2
2/2/2026,AmazonVPC,us-east-1,nat-6bd2aa39,DataTransfer-Out-Bytes,5.43,54.343,,,0,,startup-x,prod,54.343,0,Marketing,prod,MobileApp,2
2/17/2026,AmazonS3,eu-west-1,costwatch-prod-bucket-dc59c0,S3:Storage.Intelligent-Tiering,415.23,4152.251,,,0,Intelligent-Tiering,costwatch,prod,0,0,Marketing,test,CloudMigration,2
2/10/2026,AmazonS3,eu-west-1,startup-x-prod-bucket-eee6f5,DataTransfer-Out-Bytes,10.86,108.585,,,0,,startup-x,prod,108.585,0,Finance,prod,MobileApp,2
2/22/2026,AmazonEC2,eu-west-1,i-764017f2ed6cfc740,BoxUsage:m5.xlarge,1.95,19.451,m5.xlarge,,0,,startup-x,test,0,0,HR,prod,CloudMigration,2
2/25/2026,AmazonECR,ap-northeast-1,ecr/costwatch-test-repo-173e,DataTransfer-Out-Bytes,0.12,1.204,,,0,,costwatch,test,1.204,0,HR,test,CloudMigration,2
2/5/2026,AmazonDynamoDB,ap-south-1,ddb/startup-x-staging-table-de5f,DynamoDB:WriteUnits,163110.7,1631107,,,0,,startup-x,staging,0,0,Marketing,test,CloudMigration,2
2/15/2026,AmazonS3,us-west-2,budgetguard-prod-bucket-78e297,DataTransfer-Out-Bytes,15.43,154.277,,,0,,budgetguard,prod,154.277,0,HR,test,AIResearch,2
2/9/2026,AmazonRDS,ap-northeast-1,db:carci-dev-01,RDS:InstanceUsage:db.m5.large,0.27,2.703,m5.large,,0,RDS,carci,dev,0,0,HR,dev,DataLake,2
2/23/2026,AmazonEC2,us-east-1,i-ed16dc0cf0b9cd7f7,DataTransfer-Out-Bytes,17.26,172.634,,,0,,costwatch,staging,172.634,0,IT,dev,MobileApp,2
2/9/2026,AWSLambda,us-east-1,lambda:budgetguard-prod-fn-5e40,Lambda:GB-Second,124697.3,1246972.956,,,0,,budgetguard,prod,0,0,Marketing,dev,AIResearch,2
2/13/2026,AmazonEKS,ap-south-1,eks/carci-prod-cluster,BoxUsage:r6i.large,0.85,8.479,r6i.large,,0,,carci,prod,0,0,Operations,prod,AIResearch,2
2/6/2026,AmazonEC2,us-west-2,i-8d82f01b721076047,EBS:VolumeUsage.st1,14.86,148.625,,st1,0,EBS,finops-lite,staging,0,0,Marketing,test,AIResearch,2
2/5/2026,AWSLambda,us-east-1,lambda:finops-lite-staging-fn-b535,Lambda:GB-Second,94495.76,944957.635,,,0,,finops-lite,staging,0,0,Operations,prod,AIResearch,2
2/10/2026,AmazonEC2,us-east-1,i-6273931bdb2a0df3d,EBS:VolumeUsage.st1,3.27,32.723,,st1,0,EBS,budgetguard,staging,0,0,IT,dev,AIResearch,2
2/12/2026,AmazonEKS,ap-southeast-1,eks/finops-lite-staging-cluster,DataTransfer-Out-Bytes,11.23,112.299,,,0,,finops-lite,staging,112.299,0,Finance,test,WebApp,2
2/20/2026,AmazonDynamoDB,eu-west-1,ddb/costwatch-staging-table-a728,DynamoDB:WriteUnits,154216.3,1542163,,,0,,costwatch,staging,0,0,HR,prod,MobileApp,2
2/15/2026,AmazonS3,eu-west-1,startup-x-prod-bucket-0fa5f6,DataTransfer-Out-Bytes,8.56,85.565,,,0,,startup-x,prod,85.565,0,IT,test,AIResearch,2
2/12/2026,AmazonDynamoDB,us-west-2,ddb/startup-x-prod-table-0627,DynamoDB:WriteUnits,5181.3,51813,,,0,,startup-x,prod,0,0,HR,prod,MobileApp,2
2/24/2026,AmazonRDS,ap-south-1,db:finops-lite-prod-01,DataTransfer-Out-Bytes,10.18,101.763,,,0,,finops-lite,prod,101.763,0,Finance,test,WebApp,2
2/23/2026,AWSLambda,ap-southeast-1,lambda:carci-test-fn-79bf,Lambda:GB-Second,181522.54,1815225.381,,,0,,carci,test,0,0,Finance,dev,WebApp,2
2/18/2026,AmazonCloudWatch,eu-west-1,res-898736a356,CloudWatch:Metrics,37.8,378,,,0,,startup-x,test,0,0,IT,dev,MobileApp,2
2/7/2026,ElasticLoadBalancing,us-west-2,app/startup-x-prod-alb/3697b59048,DataTransfer-Out-Bytes,4.58,45.837,,,0,,startup-x,prod,45.837,0,Finance,test,CloudMigration,2
2/2/2026,AmazonElastiCache,ap-south-1,cache/finops-lite-prod-redis-309f,DataTransfer-Out-Bytes,3.23,32.328,,,0,,finops-lite,prod,32.328,0,Operations,prod,DataLake,2
2/16/2026,AWSLambda,us-east-1,lambda:carci-test-fn-32cf,Lambda:GB-Second,185946.56,1859465.607,,,0,,carci,test,0,0,Finance,dev,CloudMigration,2
2/3/2026,AmazonCloudWatch,ap-south-1,res-273d7cee9d,CloudWatch:Metrics,43.6,436,,,0,,finops-lite,dev,0,0,HR,dev,CloudMigration,2
2/10/2026,AmazonCloudWatch,us-east-1,res-682575250d,CloudWatch:Metrics,40.2,402,,,0,,carci,prod,0,0,HR,dev,CloudMigration,2
2/15/2026,AmazonVPC,eu-west-1,nat-9e2786d3,BoxUsage:r6i.2xlarge,0.85,8.52,r6i.2xlarge,,0,,carci,test,179.229,1,HR,test,AIResearch,2
2/18/2026,AmazonS3,us-east-1,budgetguard-prod-bucket-599e3e,S3:Storage.Standard,162.41,1624.117,,,0,Standard,budgetguard,prod,0,0,HR,test,WebApp,2
2/23/2026,AmazonS3,eu-west-1,budgetguard-staging-bucket-e21da8,DataTransfer-Out-Bytes,8.55,85.479,,,0,,budgetguard,staging,85.479,0,Operations,prod,CloudMigration,2
2/1/2026,AmazonEC2,ap-northeast-1,i-15fe85df2fbdaa35a,BoxUsage:m5.xlarge,1.27,12.747,m5.xlarge,,2,,startup-x,staging,0,0,Marketing,prod,WebApp,2
2/14/2026,AmazonVPC,us-west-2,nat-1e2a8a3c,DataTransfer-Out-Bytes,2.41,24.061,,,0,,costwatch,prod,24.061,0,IT,prod,MobileApp,2
2/28/2026,AWSLambda,ap-northeast-1,lambda:startup-x-staging-fn-6bfe,Lambda:Requests,681854.2,6818542,,,0,,startup-x,staging,0,0,HR,test,DataLake,2
2/25/2026,AmazonEC2,us-west-2,i-307590d273e34f98d,EBS:VolumeUsage.st1,10.86,108.57,,st1,0,EBS,finops-lite,prod,0,1,Finance,test,MobileApp,2
2/27/2026,AWSLambda,eu-west-1,lambda:costwatch-staging-fn-6428,Lambda:GB-Second,140633.49,1406334.899,,,0,,costwatch,staging,0,0,HR,prod,MobileApp,2
2/25/2026,AmazonDynamoDB,eu-west-1,ddb/startup-x-test-table-99f4,DynamoDB:ReadUnits,481227.4,4812274,,,0,,startup-x,test,0,0,Finance,prod,AIResearch,2
2/15/2026,AmazonCloudWatch,us-west-2,res-ea67c7d1af,CloudWatch:Metrics,12.7,127,,,0,,startup-x,prod,0,1,Finance,test,DataLake,2
2/23/2026,AmazonRoute53,us-west-2,hostedzone/4a3e3e04d42f8,Route53:HostedZone,0.1,1,,,0,,finops-lite,staging,0,0,HR,prod,MobileApp,2
2/11/2026,AmazonEKS,us-west-2,eks/carci-prod-cluster,DataTransfer-Out-Bytes,5.7,57.04,,,0,,carci,prod,57.04,0,Operations,dev,MobileApp,2
2/11/2026,AmazonEKS,ap-northeast-1,eks/costwatch-prod-cluster,BoxUsage:t3.small,0.22,2.184,t3.small,,0,,costwatch,prod,0,0,Finance,test,DataLake,2
2/8/2026,AmazonEKS,ap-northeast-1,eks/finops-lite-prod-cluster,DataTransfer-Out-Bytes,5.58,55.801,,,0,,finops-lite,prod,55.801,0,Finance,prod,DataLake,2
2/4/2026,ElasticLoadBalancing,ap-south-1,app/carci-staging-alb/01a19bbd47,DataTransfer-Out-Bytes,2.91,29.064,,,0,,carci,staging,29.064,0,HR,test,MobileApp,2
2/17/2026,AmazonRDS,ap-south-1,db:finops-lite-dev-01,RDS:InstanceUsage:db.r6i.large,1.23,12.257,r6i.large,,0,RDS,finops-lite,dev,0,0,Finance,dev,DataLake,2
2/28/2026,AmazonRDS,ap-south-1,db:costwatch-prod-01,RDS:InstanceUsage:db.t3.medium,0.65,6.466,t3.medium,,0,RDS,costwatch,prod,0,0,Finance,test,MobileApp,2
2/15/2026,AmazonEKS,eu-west-1,eks/carci-prod-cluster,DataTransfer-Out-Bytes,14.57,145.67,,,0,,carci,prod,145.67,0,HR,test,MobileApp,2
2/10/2026,AmazonVPC,us-east-1,nat-9d8e96cf,DataTransfer-Out-Bytes,12.67,126.743,,,0,,costwatch,prod,126.743,0,HR,test,AIResearch,2
2/4/2026,AmazonS3,ap-south-1,startup-x-test-bucket-0c801f,DataTransfer-Out-Bytes,10.72,107.201,,,0,,startup-x,test,107.201,0,IT,test,CloudMigration,2
2/27/2026,AmazonCloudFront,us-west-2,cf/7684319e1b42,DataTransfer-Out-Bytes,0.83,8.251,,,0,,finops-lite,prod,8.251,0,Operations,dev,MobileApp,2
2/10/2026,AmazonRDS,eu-west-1,db:finops-lite-dev-01,DataTransfer-Out-Bytes,11.82,118.219,,,0,,finops-lite,dev,118.219,0,Operations,test,WebApp,2
2/12/2026,AmazonCloudWatch,ap-northeast-1,res-9a3e247cb2,CloudWatch:Metrics,32.3,323,,,0,,finops-lite,test,0,0,Finance,test,CloudMigration,2
2/26/2026,AmazonRDS,us-west-2,db:carci-staging-01,DataTransfer-Out-Bytes,3.5,34.956,,,0,,carci,staging,34.956,0,Operations,prod,CloudMigration,2
2/24/2026,AmazonVPC,ap-south-1,nat-f0a72e9d,NATGateway:Hours,2.25,22.545,,,0,,budgetguard,dev,0,0,Finance,test,CloudMigration,2
2/4/2026,AmazonEC2,ap-northeast-1,i-74cebd4d3fd81b6ee,DataTransfer-Out-Bytes,159.72,1597.222,t3.small,,0,,budgetguard,prod,1597.222,1,IT,prod,AIResearch,2
2/8/2026,AmazonECR,us-east-1,ecr/budgetguard-staging-repo-1c86,DataTransfer-Out-Bytes,13.2,132.031,,,0,,budgetguard,staging,132.031,0,HR,dev,MobileApp,2
2/4/2026,AmazonElastiCache,ap-southeast-1,cache/carci-prod-redis-a746,BoxUsage:t3.micro,1.38,13.77,t3.micro,,0,,carci,prod,0,0,HR,dev,AIResearch,2
2/3/2026,AmazonECR,ap-south-1,ecr/startup-x-test-repo-a408,DataTransfer-Out-Bytes,273.28,2732.787,,,0,ECR,startup-x,test,2732.787,1,HR,dev,MobileApp,2
2/28/2026,AWSKeyManagementService,ap-northeast-1,key/3040b7a05814d32feb3e719e01fcd3fe,KMS:Requests,4486089.1,44860891,,,0,,startup-x,test,0,0,Operations,dev,AIResearch,2
2/3/2026,AmazonCloudFront,us-west-2,cf/ac9ed336de7d,DataTransfer-Out-Bytes,6.79,67.872,,,0,,finops-lite,dev,67.872,0,IT,prod,AIResearch,2
2/11/2026,AmazonECR,us-west-2,ecr/carci-test-repo-8b4f,DataTransfer-Out-Bytes,6.99,69.907,,,0,,carci,test,69.907,0,Operations,test,WebApp,2
2/3/2026,AmazonEC2,us-east-1,i-b41a3dbd199b364f7,DataTransfer-Out-Bytes,17.74,177.429,,,0,,costwatch,dev,177.429,0,Operations,dev,AIResearch,2
2/28/2026,AmazonEC2,ap-southeast-1,i-7d080589ab054c240,EBS:VolumeUsage.sc1,15.82,158.176,,sc1,0,EBS,budgetguard,dev,0,0,IT,test,DataLake,2
2/3/2026,ElasticLoadBalancing,us-east-1,app/costwatch-staging-alb/b9a2145128,ALB:LCU,0.82,8.165,,,0,,costwatch,staging,0,0,IT,prod,WebApp,2
2/15/2026,AmazonVPC,eu-west-1,nat-3bd39f91,NATGateway:Hours,2.17,21.667,,,0,,costwatch,staging,0,0,IT,prod,AIResearch,2
2/8/2026,AmazonRDS,ap-south-1,db:carci-test-01,RDS:InstanceUsage:db.t3.medium,0.11,1.116,t3.medium,,0,RDS,carci,test,0,0,IT,prod,CloudMigration,2
2/25/2026,AmazonS3,us-west-2,carci-staging-bucket-54c7b2,DataTransfer-Out-Bytes,3.22,32.246,,,0,,carci,staging,32.246,0,HR,dev,DataLake,2
2/13/2026,AmazonECR,us-east-1,ecr/carci-staging-repo-adcd,ECR:Storage,32.63,326.329,,,0,ECR,carci,staging,0,0,Marketing,test,DataLake,2
2/10/2026,AmazonEC2,us-east-1,i-eb2d37dc2c9a7a523,DataTransfer-Out-Bytes,4.49,44.931,,,0,,budgetguard,dev,44.931,0,Marketing,test,DataLake,2
2/17/2026,AWSLambda,ap-northeast-1,lambda:budgetguard-test-fn-7348,,657545.4,6575454,,,0,,budgetguard,test,0,0,IT,test,WebApp,2
2/7/2026,AmazonEC2,us-east-1,i-feeaa4e2fe981b29e,DataTransfer-Out-Bytes,14.93,149.324,,,0,,carci,dev,149.324,0,Marketing,prod,AIResearch,2
2/15/2026,AmazonEC2,us-west-2,i-e1e6af41e3a2517ee,BoxUsage:c6i.xlarge,1.41,14.071,c6i.xlarge,,0,,budgetguard,dev,0,0,Marketing,dev,AIResearch,2
2/17/2026,AmazonCloudWatch,us-east-1,res-da1a2a3c98,CloudWatch:Metrics,4.8,48,,,0,,budgetguard,prod,0,0,IT,prod,CloudMigration,2
2/24/2026,AmazonECR,ap-northeast-1,ecr/startup-x-prod-repo-24b9,DataTransfer-Out-Bytes,4.89,48.874,,,0,,startup-x,prod,48.874,0,Marketing,prod,CloudMigration,2
2/21/2026,AmazonVPC,us-west-2,nat-9ca42db0,NATGateway:Hours,2.34,23.379,,,0,,startup-x,prod,0,0,Operations,test,DataLake,2
2/12/2026,AmazonS3,ap-northeast-1,budgetguard-prod-bucket-674429,DataTransfer-Out-Bytes,12.63,126.265,,,0,,budgetguard,prod,126.265,0,Finance,prod,CloudMigration,2
2/28/2026,AmazonDynamoDB,eu-west-1,ddb/startup-x-prod-table-a4c4,DynamoDB:ReadUnits,397426.2,3974262,,,0,,startup-x,prod,0,0,Finance,test,WebApp,2
2/6/2026,AmazonEC2,ap-south-1,i-1db7e9e779f6bee9c,BoxUsage:r6i.large,0.55,5.491,r6i.large,,0,,startup-x,prod,0,0,IT,dev,AIResearch,2
2/17/2026,AmazonCloudWatch,ap-northeast-1,res-81fb339258,CloudWatch:Metrics,36.2,362,,,0,,finops-lite,prod,0,0,HR,test,DataLake,2
2/15/2026,AmazonCloudFront,us-east-1,cf/eb0d1cb7c2b7,DataTransfer-Out-Bytes,18.81,188.098,,,32,,costwatch,dev,188.098,1,IT,dev,CloudMigration,2
2/1/2026,AmazonS3,us-east-1,budgetguard-prod-bucket-9f4fe0,S3:Storage.Standard,477.19,4771.946,,,0,Standard,budgetguard,prod,0,0,HR,test,WebApp,2
2/3/2026,AmazonEC2,us-east-1,i-d3979317de23f0749,DataTransfer-Out-Bytes,0.32,3.19,,,0,,finops-lite,staging,3.19,0,Finance,prod,WebApp,2
2/14/2026,AmazonEC2,us-west-2,i-2b20cf1cb80b2b73a,DataTransfer-Out-Bytes,18.57,185.671,,,0,,startup-x,staging,185.671,0,IT,prod,CloudMigration,2
2/5/2026,AmazonEC2,eu-west-1,i-ef542e196161a9cf8,DataTransfer-Out-Bytes,19.27,192.728,,,0,,finops-lite,prod,192.728,0,Operations,dev,AIResearch,2
2/2/2026,ElasticLoadBalancing,us-east-1,app/budgetguard-prod-alb/a83bdceca5,ALB:LCU,4.27,42.665,,,0,,budgetguard,prod,0,0,Marketing,dev,CloudMigration,2
2/16/2026,AmazonVPC,us-west-2,nat-d2d59a32,NATGateway:Hours,2.06,20.576,,,0,,startup-x,test,0,0,HR,dev,DataLake,2
2/11/2026,AmazonVPC,us-west-2,nat-ebe1bd81,NATGateway:Hours,0.83,8.289,,,0,,startup-x,prod,0,0,Marketing,test,CloudMigration,2
2/3/2026,AmazonVPC,eu-west-1,nat-504e1427,DataTransfer-Out-Bytes,18.72,187.237,,,0,,startup-x,prod,187.237,0,Marketing,test,WebApp,2
2/25/2026,AmazonEKS,us-west-2,eks/startup-x-dev-cluster,BoxUsage:r6i.large,0.32,3.235,r6i.large,,1,,startup-x,dev,0,0,IT,dev,CloudMigration,2
2/12/2026,AmazonRDS,ap-southeast-1,db:startup-x-dev-01,EBS:VolumeUsage.st1,17.67,176.701,,st1,0,EBS,startup-x,dev,0,0,Marketing,prod,AIResearch,2
2/11/2026,AmazonEKS,us-west-2,eks/carci-dev-cluster,BoxUsage:r6i.large,1.72,17.157,r6i.large,,1,,carci,dev,0,0,Operations,test,MobileApp,2
2/17/2026,AmazonRDS,ap-south-1,db:budgetguard-prod-01,,16.19,161.891,,,0,,budgetguard,prod,161.891,0,Marketing,test,CloudMigration,2
2/15/2026,AmazonS3,ap-south-1,costwatch-test-bucket-e5e2ab,S3:Storage.Standard,406.01,4060.061,,,0,Standard,costwatch,test,0,0,IT,test,AIResearch,2
2/23/2026,AmazonEC2,eu-west-1,i-5b73647f0bbe4229c,DataTransfer-Out-Bytes,15.97,159.679,,,0,,budgetguard,prod,159.679,0,Operations,dev,AIResearch,2
2/23/2026,ElasticLoadBalancing,eu-west-1,app/costwatch-prod-alb/4a2eeb454d,ALB:LCU,3.25,32.533,,,0,,costwatch,prod,0,0,Finance,dev,WebApp,2
2/17/2026,AmazonCloudFront,us-east-1,cf/55a7b9286849,DataTransfer-Out-Bytes,17.8,178.012,,,0,,carci,staging,178.012,0,Marketing,dev,AIResearch,2
2/20/2026,AmazonCloudWatch,eu-west-1,res-5a102186d0,CloudWatch:Metrics,17,170,,,0,,finops-lite,staging,0,0,IT,dev,AIResearch,2
2/16/2026,AmazonCloudFront,eu-west-1,cf/9e215edfe6a4,DataTransfer-Out-Bytes,11.57,115.698,,,0,,budgetguard,staging,115.698,0,Finance,dev,AIResearch,2
2/11/2026,AmazonECR,us-west-2,ecr/budgetguard-prod-repo-b3a7,ECR:Storage,1.89,18.935,,,0,ECR,budgetguard,prod,0,0,Finance,prod,AIResearch,2
2/15/2026,AmazonEC2,eu-west-1,i-d75aa65fef9f02ce7,EBS:VolumeUsage.st1,6.44,64.443,,st1,0,EBS,finops-lite,dev,0,0,HR,prod,DataLake,2
2/7/2026,AmazonCloudWatch,us-east-1,res-903d48bcb1,CloudWatch:Metrics,29.6,296,,,0,,budgetguard,staging,0,0,Operations,dev,DataLake,2
2/13/2026,AmazonEC2,ap-south-1,i-e8343cbab46c1114a,BoxUsage:c6i.xlarge,1.3,13.012,c6i.xlarge,,0,,budgetguard,staging,0,0,Marketing,test,WebApp,2
2/26/2026,AWSLambda,eu-west-1,lambda:startup-x-prod-fn-aa5c,Lambda:Requests,1542287.2,15422872,,,0,,startup-x,prod,0,0,IT,dev,CloudMigration,2
2/20/2026,ElasticLoadBalancing,us-west-2,app/budgetguard-staging-alb/9f0ba3d90f,DataTransfer-Out-Bytes,1.72,17.161,,,0,,budgetguard,staging,17.161,0,HR,prod,AIResearch,2
2/9/2026,AmazonElastiCache,ap-southeast-1,cache/startup-x-staging-redis-5c47,BoxUsage:r6i.large,1.32,13.221,r6i.large,,0,,startup-x,staging,0,0,Operations,prod,CloudMigration,2
2/2/2026,AmazonCloudWatch,ap-south-1,res-d4d6df146a,CloudWatch:Metrics,36.3,363,,,0,,finops-lite,dev,0,0,HR,test,CloudMigration,2
2/22/2026,AWSLambda,us-west-2,lambda:finops-lite-staging-fn-b8f6,Lambda:GB-Second,195172.83,1951728.307,,,0,,finops-lite,staging,0,0,Operations,prod,WebApp,2
2/8/2026,AmazonS3,us-west-2,budgetguard-prod-bucket-fafb89,S3:Storage.Glacier Deep Archive,398.62,3986.172,,,0,Glacier Deep Archive,budgetguard,prod,0,0,Operations,dev,AIResearch,2
2/4/2026,AmazonCloudWatch,eu-west-1,res-9192be8f66,CloudWatch:Metrics,13.6,136,,,0,,costwatch,prod,0,0,Marketing,test,AIResearch,2
2/27/2026,AmazonCloudWatch,ap-northeast-1,res-717713daf3,CloudWatch:Metrics,1.4,14,,,0,,budgetguard,dev,0,0,Operations,dev,MobileApp,2
2/22/2026,ElasticLoadBalancing,us-east-1,app/startup-x-prod-alb/dff69a9127,ALB:LCU,4.81,48.136,,,0,,startup-x,prod,0,0,HR,dev,CloudMigration,2
2/18/2026,ElasticLoadBalancing,ap-southeast-1,app/carci-prod-alb/d51cf59109,ALB:LCU,2.05,20.507,,,0,,carci,prod,0,0,Operations,test,CloudMigration,2
2/19/2026,AmazonEKS,ap-northeast-1,eks/budgetguard-test-cluster,DataTransfer-Out-Bytes,3.47,34.742,,,0,,budgetguard,test,34.742,0,Marketing,dev,DataLake,2
2/5/2026,AmazonECR,eu-west-1,ecr/finops-lite-prod-repo-5e85,DataTransfer-Out-Bytes,10.99,109.89,,,0,,finops-lite,prod,109.89,0,Marketing,prod,MobileApp,2
2/1/2026,ElasticLoadBalancing,ap-southeast-1,app/startup-x-prod-alb/5cda2c354f,ALB:LCU,3.58,35.758,,,0,,startup-x,prod,0,0,HR,dev,DataLake,2
2/11/2026,AmazonRoute53,us-east-1,hostedzone/a908b713e95c9,Route53:HostedZone,0.1,1,,,0,,costwatch,test,0,0,Finance,test,DataLake,2
2/23/2026,AmazonEC2,ap-northeast-1,i-4f4ebdf672eb23164,BoxUsage:m5.large,1.51,15.07,m5.large,,2,,budgetguard,test,0,0,Finance,test,DataLake,2
2/6/2026,AmazonRDS,eu-west-1,db:carci-prod-01,DataTransfer-Out-Bytes,7.13,71.259,,,0,,carci,prod,71.259,0,Operations,test,WebApp,2
2/19/2026,AWSLambda,ap-northeast-1,lambda:costwatch-prod-fn-4de1,Lambda:GB-Second,151593.44,1515934.375,,,0,,costwatch,prod,0,0,IT,dev,WebApp,2
2/18/2026,AWSLambda,ap-southeast-1,lambda:carci-test-fn-621d,Lambda:Requests,953605.9,9536059,,,0,,carci,test,0,0,Operations,test,DataLake,2
2/12/2026,AmazonVPC,eu-west-1,nat-f19d54db,NATGateway:Hours,0.33,3.25,,,0,,carci,prod,0,0,HR,test,MobileApp,2
2/13/2026,AWSLambda,ap-northeast-1,lambda:costwatch-test-fn-b35c,Lambda:Requests,354671.7,3546717,,,0,,costwatch,test,0,0,HR,dev,CloudMigration,2
2/17/2026,AmazonEC2,ap-northeast-1,i-dc77eb48631d07623,EBS:VolumeUsage.st1,9.24,92.432,,st1,0,EBS,carci,prod,0,0,HR,prod,MobileApp,2
2/20/2026,AmazonEC2,ap-south-1,i-e761497aa7947d981,BoxUsage:c6i.xlarge,0.2,2.042,c6i.xlarge,,0,,carci,test,0,0,HR,dev,AIResearch,2
2/18/2026,AmazonElastiCache,ap-southeast-1,cache/finops-lite-prod-redis-f1bc,DataTransfer-Out-Bytes,7.5,74.985,,,0,,finops-lite,prod,74.985,0,HR,test,WebApp,2
2/26/2026,AmazonCloudWatch,ap-south-1,res-5f7794e1dd,CloudWatch:Metrics,42.8,428,,,0,,costwatch,dev,0,0,Marketing,test,CloudMigration,2
2/18/2026,AmazonCloudWatch,us-west-2,res-eb2618c126,CloudWatch:Metrics,33,330,,,0,,budgetguard,test,0,0,Finance,dev,CloudMigration,2
2/26/2026,ElasticLoadBalancing,ap-south-1,app/startup-x-test-alb/a90663f76c,ALB:LCU,2.93,29.33,,,0,,startup-x,test,0,0,HR,prod,AIResearch,2
2/8/2026,AmazonCloudWatch,ap-southeast-1,res-98bfe3fa6b,CloudWatch:Metrics,47,470,,,0,,costwatch,staging,0,0,IT,test,AIResearch,2
2/11/2026,AWSLambda,ap-south-1,lambda:finops-lite-prod-fn-8d94,Lambda:Requests,1290143.6,12901436,,,0,,finops-lite,prod,0,0,IT,test,DataLake,2
2/7/2026,AmazonRDS,us-west-2,db:finops-lite-staging-01,DataTransfer-Out-Bytes,9.17,91.705,,,0,,finops-lite,staging,91.705,0,IT,test,WebApp,2
2/22/2026,AmazonRDS,ap-southeast-1,db:costwatch-prod-01,DataTransfer-Out-Bytes,7.73,77.282,,,0,,costwatch,prod,77.282,0,IT,dev,WebApp,2
2/24/2026,AWSLambda,us-east-1,lambda:budgetguard-dev-fn-5112,Lambda:GB-Second,192241.99,1922419.937,,,0,,budgetguard,dev,0,0,Marketing,test,MobileApp,2
2/27/2026,AmazonVPC,ap-southeast-1,nat-72406eb1,DataTransfer-Out-Bytes,6.39,63.863,,,0,,costwatch,dev,63.863,0,IT,prod,DataLake,2
2/20/2026,AmazonEKS,ap-northeast-1,eks/costwatch-prod-cluster,BoxUsage:t3.micro,1.97,19.733,t3.micro,,1,,costwatch,prod,0,0,HR,test,DataLake,2
2/18/2026,AmazonCloudWatch,us-east-1,res-0d5334768b,CloudWatch:Metrics,34.9,349,,,0,,startup-x,prod,0,0,Operations,test,DataLake,2
2/9/2026,AmazonDynamoDB,us-east-1,ddb/costwatch-staging-table-7921,DynamoDB:ReadUnits,314508.5,3145085,,,0,,costwatch,staging,0,0,IT,prod,DataLake,2
2/3/2026,AmazonRDS,us-west-2,db:costwatch-dev-01,RDS:InstanceUsage:db.r6i.large,1.95,19.48,r6i.large,,0,RDS,costwatch,dev,0,0,Marketing,test,WebApp,2
2/6/2026,AmazonEC2,ap-southeast-1,i-76f812815a064c295,BoxUsage:t3.micro,0.51,5.081,t3.micro,,0,,budgetguard,staging,0,0,Marketing,dev,WebApp,2
2/19/2026,AmazonS3,ap-southeast-1,costwatch-prod-bucket-c42b13,DataTransfer-Out-Bytes,117.95,1179.549,,,0,,costwatch,prod,1179.549,1,IT,dev,DataLake,2
2/14/2026,AmazonS3,us-east-1,startup-x-prod-bucket-a08ef7,DataTransfer-Out-Bytes,8.26,82.582,,,0,,startup-x,prod,82.582,0,Operations,dev,MobileApp,2
2/12/2026,AmazonCloudWatch,us-west-2,res-2972284c4c,CloudWatch:Metrics,17.1,171,,,0,,finops-lite,prod,0,0,IT,prod,CloudMigration,2
2/11/2026,AmazonRDS,us-east-1,db:budgetguard-staging-01,EBS:VolumeUsage.gp3,18.68,186.844,,gp3,0,EBS,budgetguard,staging,0,0,Marketing,test,CloudMigration,2
2/5/2026,AmazonEC2,eu-west-1,i-02b2ac09dc275c548,EBS:VolumeUsage.gp3,15.27,152.666,,gp3,0,EBS,startup-x,staging,0,0,Finance,dev,MobileApp,2
2/10/2026,AmazonS3,us-east-1,finops-lite-staging-bucket-9f2b87,DataTransfer-Out-Bytes,15.09,150.933,,,0,,finops-lite,staging,150.933,0,HR,prod,DataLake,2
2/24/2026,AmazonEKS,ap-south-1,eks/finops-lite-staging-cluster,BoxUsage:m5.xlarge,2.16,21.597,m5.xlarge,,0,,finops-lite,staging,0,0,Marketing,test,WebApp,2
2/1/2026,AmazonElastiCache,us-west-2,cache/startup-x-test-redis-ead4,DataTransfer-Out-Bytes,7.79,77.901,,,0,,startup-x,test,77.901,0,IT,prod,CloudMigration,2
2/10/2026,AmazonS3,ap-northeast-1,finops-lite-staging-bucket-a9f7ac,S3:Storage.OneZone-IA,475.28,4752.807,,,0,OneZone-IA,finops-lite,staging,0,0,HR,dev,AIResearch,2
2/9/2026,AmazonDynamoDB,us-west-2,ddb/carci-prod-table-50e6,DynamoDB:ReadUnits,475308.5,4753085,,,0,,carci,prod,0,0,IT,dev,AIResearch,2
2/15/2026,AmazonDynamoDB,ap-southeast-1,ddb/carci-prod-table-f497,DynamoDB:WriteUnits,89744.3,897443,,,0,,carci,prod,0,0,IT,dev,MobileApp,2
2/9/2026,AmazonVPC,ap-south-1,nat-fcd1b237,DataTransfer-Out-Bytes,5.87,58.713,,,0,,costwatch,dev,58.713,0,Finance,prod,DataLake,2
2/22/2026,AmazonVPC,us-east-1,nat-cad30387,DataTransfer-Out-Bytes,15.05,150.5,,,0,,startup-x,dev,150.5,0,HR,prod,CloudMigration,2
2/17/2026,ElasticLoadBalancing,ap-south-1,app/startup-x-test-alb/ce4b0f39d2,DataTransfer-Out-Bytes,15.83,158.337,,,0,,startup-x,test,158.337,0,HR,dev,DataLake,2
2/4/2026,AmazonECR,ap-southeast-1,ecr/budgetguard-test-repo-6fbf,,11,109.951,,,0,,budgetguard,test,109.951,0,Finance,prod,CloudMigration,2
2/4/2026,AWSLambda,ap-south-1,lambda:budgetguard-dev-fn-30a3,Lambda:Requests,888645.7,8886457,,,0,,budgetguard,dev,0,0,Marketing,dev,MobileApp,2
2/22/2026,AmazonDynamoDB,ap-northeast-1,ddb/finops-lite-staging-table-ade7,DynamoDB:ReadUnits,58621.8,586218,,,0,,finops-lite,staging,0,0,IT,dev,MobileApp,2
2/26/2026,AmazonRDS,us-east-1,db:costwatch-test-01,DataTransfer-Out-Bytes,2.87,28.684,,,0,,costwatch,test,28.684,0,Operations,test,AIResearch,2
2/20/2026,AmazonCloudFront,eu-west-1,cf/68235ba6e38f,DataTransfer-Out-Bytes,2.03,20.314,,,0,,costwatch,test,20.314,0,IT,prod,DataLake,2
2/17/2026,AmazonElastiCache,us-west-2,cache/costwatch-prod-redis-be59,BoxUsage:c6i.large,1.71,17.122,c6i.large,,0,,costwatch,prod,0,0,IT,dev,AIResearch,2
2/20/2026,AmazonEKS,ap-south-1,eks/budgetguard-dev-cluster,DataTransfer-Out-Bytes,1.71,17.059,,,0,,budgetguard,dev,17.059,0,Marketing,dev,DataLake,2
2/4/2026,AmazonEC2,ap-south-1,i-4cd5f55f945ae1b0f,DataTransfer-Out-Bytes,19.73,197.329,,,0,,startup-x,test,197.329,0,IT,prod,AIResearch,2
2/5/2026,AmazonEC2,us-west-2,i-fdef5207918795ef3,EBS:VolumeUsage.st1,16.44,164.432,,st1,0,EBS,startup-x,staging,0,0,Finance,test,WebApp,2
2/19/2026,AmazonEC2,ap-southeast-1,i-6d3791e8b2e376bd5,BoxUsage:r6i.large,0.29,2.921,r6i.large,,3,,budgetguard,staging,0,0,Finance,test,WebApp,2
2/20/2026,AmazonEC2,us-east-1,i-b85a99834d184474a,DataTransfer-Out-Bytes,8.49,84.902,,,0,,finops-lite,prod,84.902,0,HR,dev,WebApp,2
2/27/2026,AmazonS3,ap-southeast-1,costwatch-staging-bucket-dce22c,DataTransfer-Out-Bytes,18.13,181.28,,,0,,costwatch,staging,181.28,0,Operations,prod,WebApp,2
2/17/2026,ElasticLoadBalancing,ap-south-1,app/budgetguard-staging-alb/a02eb2c6d6,DataTransfer-Out-Bytes,0.24,2.37,,,0,,budgetguard,staging,2.37,0,IT,test,CloudMigration,2
2/16/2026,AmazonS3,ap-southeast-1,budgetguard-staging-bucket-fa113e,S3:Storage.Glacier,236.99,2369.87,,,0,Glacier,budgetguard,staging,0,0,IT,prod,WebApp,2
2/1/2026,AmazonEC2,ap-southeast-1,i-49582b82b51c97d23,EBS:VolumeUsage.gp2,15.17,151.749,,gp2,0,EBS,costwatch,staging,0,0,Marketing,prod,MobileApp,2
2/1/2026,AmazonS3,us-east-1,startup-x-test-bucket-00a3d4,DataTransfer-Out-Bytes,11.67,116.715,,,0,,startup-x,test,116.715,0,Finance,dev,MobileApp,2
2/16/2026,AmazonEC2,us-west-2,i-4c44205eb64de6234,EBS:VolumeUsage.io2,6.43,64.285,,io2,0,EBS,carci,dev,0,0,Operations,test,CloudMigration,2
2/25/2026,AmazonEC2,ap-southeast-1,i-782790966c917fc37,EBS:VolumeUsage.gp2,17.5,175.034,,gp2,0,EBS,budgetguard,prod,0,0,HR,dev,WebApp,2
2/16/2026,AmazonEKS,us-east-1,eks/carci-prod-cluster,DataTransfer-Out-Bytes,1.49,14.852,,,0,,carci,prod,14.852,0,Finance,test,WebApp,2
2/5/2026,AmazonRDS,ap-southeast-1,db:costwatch-test-01,DataTransfer-Out-Bytes,11.08,110.815,,,0,,costwatch,test,110.815,0,HR,test,WebApp,2
2/6/2026,ElasticLoadBalancing,ap-northeast-1,app/carci-dev-alb/08611c9ddc,,3.15,31.507,,,0,,carci,dev,0,0,Marketing,test,AIResearch,2
2/3/2026,AmazonEKS,eu-west-1,eks/finops-lite-test-cluster,DataTransfer-Out-Bytes,13.92,139.18,,,0,,finops-lite,test,139.18,0,Marketing,test,DataLake,2
2/3/2026,AWSLambda,us-east-1,lambda:finops-lite-staging-fn-29d7,,116904.43,1169044.31,,,0,,finops-lite,staging,0,0,IT,test,AIResearch,2
2/2/2026,AmazonS3,ap-northeast-1,carci-staging-bucket-530405,S3:Storage.Standard-IA,451.07,4510.732,,,0,Standard-IA,carci,staging,0,0,Operations,prod,DataLake,2
2/16/2026,AmazonElastiCache,eu-west-1,cache/budgetguard-dev-redis-30ad,BoxUsage:m5.xlarge,0.53,5.327,m5.xlarge,,0,,budgetguard,dev,0,0,HR,dev,WebApp,2
2/9/2026,AmazonCloudWatch,us-west-2,res-eb1f5b5833,CloudWatch:Metrics,23.2,232,,,0,,startup-x,prod,0,0,Finance,prod,WebApp,2
2/8/2026,ElasticLoadBalancing,us-east-1,app/carci-test-alb/bc451d7a7d,DataTransfer-Out-Bytes,1.56,15.639,,,0,,carci,test,15.639,0,Marketing,test,AIResearch,2
2/24/2026,AmazonS3,ap-southeast-1,startup-x-test-bucket-71c2e9,S3:Storage.Intelligent-Tiering,487.33,4873.254,,,0,Intelligent-Tiering,startup-x,test,0,0,IT,dev,AIResearch,2
2/25/2026,AmazonECR,us-west-2,ecr/startup-x-staging-repo-6997,DataTransfer-Out-Bytes,16.28,162.778,,,0,,startup-x,staging,162.778,0,IT,test,DataLake,2
2/15/2026,AmazonRDS,ap-northeast-1,db:finops-lite-prod-01,DataTransfer-Out-Bytes,13.7,136.978,,,0,,finops-lite,prod,136.978,0,HR,dev,MobileApp,2
2/25/2026,AmazonDynamoDB,us-east-1,ddb/costwatch-dev-table-0a0c,DynamoDB:WriteUnits,83706.8,837068,,,0,,costwatch,dev,0,0,Marketing,prod,DataLake,2
2/28/2026,ElasticLoadBalancing,us-west-2,app/finops-lite-staging-alb/df148217db,ALB:LCU,4.66,46.643,,,0,,finops-lite,staging,0,0,Operations,dev,AIResearch,2
2/15/2026,AmazonElastiCache,us-east-1,cache/carci-staging-redis-21d4,DataTransfer-Out-Bytes,16.21,162.13,,,0,,carci,staging,162.13,0,Marketing,dev,AIResearch,2
2/8/2026,AmazonS3,ap-southeast-1,costwatch-prod-bucket-ae8726,DataTransfer-Out-Bytes,19.75,197.456,,,0,,costwatch,prod,197.456,0,HR,dev,CloudMigration,2
2/5/2026,AmazonDynamoDB,ap-south-1,ddb/finops-lite-dev-table-ead3,DynamoDB:WriteUnits,76240.1,762401,,,0,,finops-lite,dev,0,0,HR,dev,AIResearch,2
2/18/2026,AmazonRDS,ap-southeast-1,db:costwatch-test-01,EBS:VolumeUsage.gp3,19.43,194.284,,gp3,0,EBS,costwatch,test,0,0,Marketing,dev,CloudMigration,2
2/3/2026,AmazonEC2,ap-south-1,i-27bc19850ce73e343,EBS:VolumeUsage.gp2,9.91,99.052,,gp2,0,EBS,startup-x,dev,0,0,HR,test,MobileApp,2
2/1/2026,AmazonEC2,ap-southeast-1,i-282026e42a31e15dc,EBS:VolumeUsage.io2,8.88,88.816,,io2,0,EBS,finops-lite,dev,0,0,Marketing,dev,DataLake,2
2/16/2026,AmazonEC2,ap-south-1,i-8e4179fdf128c4d67,BoxUsage:m5.xlarge,1.87,18.687,m5.xlarge,,4,,finops-lite,test,0,0,Finance,dev,DataLake,2
2/21/2026,AWSKeyManagementService,eu-west-1,key/ffbac850a7081fb75377817cb557ab0b,KMS:Requests,4723834.2,47238342,,,0,,carci,prod,0,0,Marketing,prod,CloudMigration,2
2/19/2026,AmazonCloudWatch,ap-south-1,res-95f121770f,CloudWatch:Metrics,22.6,226,,,0,,finops-lite,prod,0,0,Marketing,dev,DataLake,2
2/1/2026,AmazonRDS,ap-south-1,db:finops-lite-test-01,RDS:InstanceUsage:db.m5.large,0.4,3.971,m5.large,,0,RDS,finops-lite,test,0,0,HR,prod,AIResearch,2
2/2/2026,AmazonEC2,ap-south-1,i-b2bc3a9a45dfa5b75,DataTransfer-Out-Bytes,4.58,45.806,,,0,,finops-lite,prod,45.806,0,HR,test,WebApp,2
2/13/2026,AmazonS3,ap-south-1,finops-lite-dev-bucket-c15a73,S3:Storage.Glacier Deep Archive,337.49,3374.918,,,0,Glacier Deep Archive,finops-lite,dev,0,0,IT,dev,CloudMigration,2
2/16/2026,AmazonEC2,ap-southeast-1,i-2ae08672b8301ced5,EBS:VolumeUsage.gp2,3.16,31.576,,gp2,0,EBS,finops-lite,test,0,0,IT,prod,DataLake,2
2/14/2026,AWSLambda,us-west-2,lambda:startup-x-test-fn-75e2,Lambda:GB-Second,134347.48,1343474.818,,,0,,startup-x,test,0,0,Finance,prod,CloudMigration,2
2/26/2026,AmazonECR,us-west-2,ecr/budgetguard-test-repo-2a5c,ECR:Storage,26.06,260.562,,,0,ECR,budgetguard,test,0,0,IT,test,CloudMigration,2
2/6/2026,ElasticLoadBalancing,eu-west-1,app/carci-test-alb/0d5d513a66,,17.05,170.451,,,0,,carci,test,170.451,0,Marketing,dev,WebApp,2
2/14/2026,AmazonVPC,ap-south-1,nat-9731cf41,NATGateway:DataProcessed,26.3,263.008,,,0,,startup-x,test,263.008,0,HR,dev,AIResearch,2
2/12/2026,AmazonEC2,us-east-1,i-6592f39cff82c5bcb,BoxUsage:t3.micro,0.41,4.082,t3.micro,,0,,startup-x,staging,0,0,IT,prod,CloudMigration,2
2/6/2026,AWSLambda,us-west-2,lambda:costwatch-test-fn-1432,Lambda:GB-Second,42671.54,426715.359,,,0,,costwatch,test,0,0,IT,dev,DataLake,2
2/22/2026,AmazonRDS,eu-west-1,db:startup-x-test-01,DataTransfer-Out-Bytes,225.72,2257.158,m5.large,,0,RDS,startup-x,test,2257.158,1,Finance,prod,MobileApp,2
2/27/2026,AmazonCloudWatch,ap-northeast-1,res-f92c143e55,CloudWatch:Metrics,21.9,219,,,0,,costwatch,staging,0,0,Finance,dev,CloudMigration,2
2/7/2026,AmazonDynamoDB,us-east-1,ddb/costwatch-dev-table-648a,DynamoDB:WriteUnits,180841.3,1808413,,,0,,costwatch,dev,0,0,Marketing,prod,CloudMigration,2
2/24/2026,AmazonRoute53,us-east-1,hostedzone/8e0d3d443339b,Route53:HostedZone,0.1,1,,,0,,costwatch,staging,0,0,HR,dev,WebApp,2
2/14/2026,AmazonS3,ap-south-1,startup-x-prod-bucket-8c4c1c,S3:Storage.Intelligent-Tiering,392.91,3929.082,,,0,Intelligent-Tiering,startup-x,prod,0,0,Finance,test,AIResearch,2
2/11/2026,AmazonVPC,us-east-1,nat-0a998f37,NATGateway:DataProcessed,25.87,258.723,,,0,,costwatch,prod,258.723,0,IT,dev,MobileApp,2
2/5/2026,AmazonS3,ap-southeast-1,budgetguard-test-bucket-26e6df,,18.99,189.909,,,0,,budgetguard,test,189.909,0,HR,dev,DataLake,2
2/25/2026,AWSLambda,us-west-2,lambda:carci-staging-fn-29c4,Lambda:Requests,923680.2,9236802,,,0,,carci,staging,0,0,HR,test,MobileApp,2
2/25/2026,AmazonECR,ap-southeast-1,ecr/carci-dev-repo-171e,BoxUsage:r6i.2xlarge,1.7,16.987,r6i.2xlarge,,0,ECR,carci,dev,0,1,IT,dev,DataLake,2
2/2/2026,AmazonRoute53,ap-south-1,hostedzone/c307bfe5fbb58,Route53:HostedZone,0.1,1,,,0,,budgetguard,test,0,0,Finance,test,AIResearch,2
2/24/2026,AmazonECR,us-east-1,ecr/carci-test-repo-6776,ECR:Storage,31.71,317.067,,,0,ECR,carci,test,0,0,IT,dev,DataLake,2
2/9/2026,AmazonEKS,eu-west-1,eks/carci-staging-cluster,BoxUsage:t3.medium,0.39,3.945,t3.medium,,0,,carci,staging,0,0,HR,prod,WebApp,2
2/20/2026,AmazonDynamoDB,us-west-2,ddb/startup-x-prod-table-8dcb,DynamoDB:WriteUnits,30465.3,304653,,,0,,startup-x,prod,0,0,Operations,prod,WebApp,2
2/15/2026,AmazonS3,eu-west-1,startup-x-prod-bucket-30b993,DataTransfer-Out-Bytes,3.65,36.458,,,0,,startup-x,prod,36.458,0,Operations,dev,WebApp,2
2/16/2026,AmazonEC2,ap-northeast-1,i-6471ca40f98dcc16a,EBS:VolumeUsage.io2,7.57,75.677,,io2,0,EBS,budgetguard,prod,0,0,Marketing,dev,WebApp,2
2/24/2026,AmazonVPC,ap-south-1,nat-b95593f4,DataTransfer-Out-Bytes,57.3,572.988,,,0,,costwatch,prod,572.988,1,IT,dev,MobileApp,2
2/24/2026,AmazonS3,ap-southeast-1,finops-lite-prod-bucket-27b79d,DataTransfer-Out-Bytes,3.45,34.547,,,0,,finops-lite,prod,34.547,0,IT,prod,AIResearch,2
2/26/2026,AmazonCloudFront,us-west-2,cf/f12f63c9d144,DataTransfer-Out-Bytes,3.55,35.484,,,0,,startup-x,test,35.484,0,Marketing,dev,DataLake,2
2/7/2026,AmazonRDS,ap-northeast-1,db:costwatch-dev-01,DataTransfer-Out-Bytes,1.78,17.832,,,0,,costwatch,dev,17.832,0,Marketing,prod,DataLake,2
2/6/2026,AmazonDynamoDB,eu-west-1,ddb/finops-lite-test-table-0e86,DynamoDB:ReadUnits,103246.2,1032462,,,0,,finops-lite,test,0,0,Marketing,test,WebApp,2
2/25/2026,AmazonDynamoDB,ap-south-1,ddb/finops-lite-staging-table-4ddc,DynamoDB:ReadUnits,182198.5,1821985,,,0,,finops-lite,staging,0,0,HR,prod,WebApp,2
2/14/2026,AmazonElastiCache,us-west-2,cache/carci-staging-redis-0a60,DataTransfer-Out-Bytes,0.8,7.958,,,0,,carci,staging,7.958,0,IT,prod,CloudMigration,2
2/22/2026,AmazonEC2,ap-southeast-1,i-43c952199ead4afb6,EBS:VolumeUsage.io2,16.19,161.888,,io2,0,EBS,finops-lite,prod,0,0,HR,test,AIResearch,2
2/6/2026,AmazonElastiCache,ap-northeast-1,cache/costwatch-dev-redis-6053,BoxUsage:t3.medium,2.22,22.18,t3.medium,,0,,costwatch,dev,0,0,Marketing,prod,MobileApp,2
2/12/2026,AmazonVPC,ap-southeast-1,nat-113013de,NATGateway:DataProcessed,1.84,18.417,,,0,,costwatch,prod,18.417,0,IT,dev,DataLake,2
2/13/2026,AmazonEC2,us-west-2,i-09d384d33933f6686,DataTransfer-Out-Bytes,14.97,149.677,,,0,,finops-lite,test,149.677,0,HR,dev,CloudMigration,2
2/12/2026,AmazonVPC,us-west-2,nat-fa70023f,NATGateway:Hours,0.52,5.244,,,0,,carci,staging,0,0,HR,prod,CloudMigration,2
2/5/2026,AmazonElastiCache,ap-southeast-1,cache/carci-prod-redis-7e98,BoxUsage:m5.xlarge,1.52,15.22,m5.xlarge,,0,,carci,prod,0,0,Marketing,dev,DataLake,2
2/15/2026,AmazonEC2,ap-southeast-1,i-d331045abe82ba53c,EBS:VolumeUsage.io2,8.01,80.094,,io2,0,EBS,carci,prod,0,0,IT,prod,MobileApp,2
2/13/2026,AmazonElastiCache,us-west-2,cache/costwatch-prod-redis-d534,DataTransfer-Out-Bytes,0.74,7.433,,,0,,costwatch,prod,7.433,0,Marketing,dev,CloudMigration,2
2/23/2026,ElasticLoadBalancing,ap-northeast-1,app/finops-lite-dev-alb/e5cb04ff3d,DataTransfer-Out-Bytes,5.06,50.562,,,0,,finops-lite,dev,50.562,0,IT,dev,CloudMigration,2
2/15/2026,AmazonEC2,us-west-2,i-7a3d7fbc4105ff52f,DataTransfer-Out-Bytes,10.24,102.384,,,0,,budgetguard,dev,102.384,0,Operations,prod,AIResearch,2
2/11/2026,AmazonS3,ap-northeast-1,carci-staging-bucket-c72eee,DataTransfer-Out-Bytes,10.65,106.469,,,0,,carci,staging,106.469,0,Finance,dev,MobileApp,2
2/3/2026,AmazonECR,eu-west-1,ecr/carci-prod-repo-3cd1,ECR:Storage,26.68,266.776,,,0,ECR,carci,prod,0,0,Finance,prod,CloudMigration,2
2/18/2026,AmazonCloudWatch,ap-southeast-1,res-6eab17eafb,CloudWatch:Metrics,12.2,122,,,0,,startup-x,prod,0,0,Finance,dev,MobileApp,2
2/23/2026,AWSLambda,us-east-1,lambda:finops-lite-dev-fn-9b31,Lambda:GB-Second,4112.23,41122.324,,,0,,finops-lite,dev,0,0,Marketing,dev,DataLake,2
2/6/2026,AWSLambda,ap-southeast-1,lambda:costwatch-dev-fn-63c6,Lambda:Requests,650937.5,6509375,,,0,,costwatch,dev,0,0,Operations,test,WebApp,2
2/15/2026,AmazonDynamoDB,us-east-1,ddb/budgetguard-dev-table-13ee,BoxUsage:r6i.2xlarge,1.33,13.279,r6i.2xlarge,,0,,budgetguard,dev,0,1,IT,test,CloudMigration,2
2/22/2026,AmazonEKS,eu-west-1,eks/costwatch-dev-cluster,BoxUsage:c6i.xlarge,1.66,16.619,c6i.xlarge,,1,,costwatch,dev,0,0,HR,prod,AIResearch,2
2/27/2026,AmazonCloudWatch,ap-northeast-1,res-43cacd78ca,CloudWatch:Metrics,4.4,44,,,0,,finops-lite,prod,0,0,IT,test,DataLake,2
2/10/2026,AWSLambda,us-east-1,lambda:costwatch-prod-fn-a666,Lambda:GB-Second,107467.6,1074675.977,,,0,,costwatch,prod,0,0,HR,prod,MobileApp,2
2/20/2026,AmazonVPC,ap-south-1,nat-5a3bfd9d,DataTransfer-Out-Bytes,8.64,86.389,,,0,,finops-lite,prod,86.389,0,IT,test,DataLake,2
2/26/2026,AmazonEC2,us-east-1,i-16859841961be37c7,DataTransfer-Out-Bytes,2.56,25.603,,,0,,costwatch,dev,25.603,0,Operations,dev,CloudMigration,2
2/17/2026,AmazonDynamoDB,ap-southeast-1,ddb/budgetguard-prod-table-ccda,DynamoDB:ReadUnits,322994,3229940,,,0,,budgetguard,prod,0,0,HR,prod,MobileApp,2
2/18/2026,AmazonEC2,ap-southeast-1,i-b669e52553c1d8845,EBS:VolumeUsage.gp2,11.84,118.448,,gp2,0,EBS,finops-lite,prod,0,0,Marketing,prod,WebApp,2
2/19/2026,AmazonECR,us-east-1,ecr/costwatch-prod-repo-14a1,ECR:Storage,5.18,51.789,,,0,ECR,costwatch,prod,0,0,IT,dev,DataLake,2
2/25/2026,AmazonRoute53,ap-south-1,hostedzone/2a7525dc2b76a,Route53:HostedZone,0.1,1,,,0,,budgetguard,staging,0,0,IT,prod,CloudMigration,2
2/11/2026,AmazonRDS,us-east-1,db:startup-x-staging-01,DataTransfer-Out-Bytes,3.22,32.22,,,0,,startup-x,staging,32.22,0,HR,prod,AIResearch,2
2/27/2026,ElasticLoadBalancing,ap-south-1,app/carci-prod-alb/771ac3c890,DataTransfer-Out-Bytes,3.74,37.395,,,0,,carci,prod,37.395,0,Marketing,test,MobileApp,2
2/17/2026,AmazonDynamoDB,us-west-2,ddb/startup-x-staging-table-96a2,BoxUsage:c6i.4xlarge,1.99,19.878,c6i.4xlarge,,0,,startup-x,staging,0,1,Marketing,prod,DataLake,2
2/4/2026,AmazonEC2,ap-northeast-1,i-266d36d240ea12215,DataTransfer-Out-Bytes,1.61,16.139,,,0,,startup-x,staging,16.139,0,Operations,dev,DataLake,2
2/26/2026,AmazonS3,us-east-1,finops-lite-prod-bucket-cecda0,DataTransfer-Out-Bytes,19.65,196.477,,,0,,finops-lite,prod,196.477,0,Marketing,test,WebApp,2
2/13/2026,AmazonVPC,eu-west-1,nat-12b39929,DataTransfer-Out-Bytes,2.25,22.497,,,0,,startup-x,dev,22.497,0,Marketing,test,WebApp,2
2/25/2026,AmazonRoute53,us-west-2,hostedzone/4c949b04310c2,Route53:HostedZone,0.1,1,,,0,,carci,staging,0,0,Marketing,dev,AIResearch,2
2/10/2026,AmazonS3,ap-southeast-1,budgetguard-test-bucket-578635,S3:Storage.Intelligent-Tiering,433.43,4334.26,,,0,Intelligent-Tiering,budgetguard,test,0,0,Finance,dev,AIResearch,2
2/22/2026,AmazonDynamoDB,ap-southeast-1,ddb/startup-x-staging-table-9283,DynamoDB:ReadUnits,85526.7,855267,,,0,,startup-x,staging,0,0,Operations,test,CloudMigration,2
2/7/2026,ElasticLoadBalancing,eu-west-1,app/budgetguard-test-alb/3926afea94,ALB:LCU,3.35,33.465,,,0,,budgetguard,test,0,0,IT,prod,CloudMigration,2
2/19/2026,AmazonCloudWatch,ap-southeast-1,res-77d8b4afee,CloudWatch:Metrics,28.6,286,,,0,,costwatch,dev,0,0,HR,test,AIResearch,2
2/12/2026,AmazonDynamoDB,eu-west-1,ddb/carci-dev-table-8468,DynamoDB:ReadUnits,140061.5,1400615,,,0,,carci,dev,0,0,IT,dev,AIResearch,2
2/24/2026,AmazonCloudFront,us-east-1,cf/c618f4bc794e,DataTransfer-Out-Bytes,6.48,64.803,,,0,,carci,prod,64.803,0,Operations,test,MobileApp,2
2/17/2026,AWSLambda,us-west-2,lambda:startup-x-dev-fn-54e5,Lambda:Requests,856618.5,8566185,,,0,,startup-x,dev,0,0,HR,dev,WebApp,2
2/6/2026,AmazonCloudWatch,ap-south-1,res-b17f728b71,CloudWatch:Metrics,5.8,58,,,0,,finops-lite,prod,0,0,Operations,test,CloudMigration,2
2/22/2026,AmazonS3,ap-northeast-1,budgetguard-test-bucket-11a388,DataTransfer-Out-Bytes,12.22,122.163,,,0,,budgetguard,test,122.163,0,Marketing,prod,WebApp,2
2/19/2026,AmazonCloudWatch,us-east-1,res-8c7cbbff04,CloudWatch:Metrics,7.8,78,,,0,,costwatch,test,0,1,HR,test,WebApp,2
2/15/2026,AmazonEC2,us-east-1,i-b37da3fff65d07145,BoxUsage:t3.medium,1.33,13.25,t3.medium,,0,,budgetguard,test,0,0,Marketing,test,AIResearch,2
2/5/2026,AmazonEKS,us-east-1,eks/startup-x-dev-cluster,BoxUsage:m5.xlarge,0.25,2.458,m5.xlarge,,0,,startup-x,dev,0,0,IT,dev,MobileApp,2
2/6/2026,AWSLambda,eu-west-1,lambda:startup-x-prod-fn-26ef,Lambda:GB-Second,197993.05,1979930.505,,,0,,startup-x,prod,0,0,IT,dev,DataLake,2
2/28/2026,AWSLambda,us-east-1,lambda:costwatch-prod-fn-85ae,Lambda:Requests,516734.9,5167349,,,0,,costwatch,prod,0,0,HR,dev,MobileApp,2
2/20/2026,AmazonEKS,us-west-2,eks/costwatch-dev-cluster,BoxUsage:m5.large,1.47,14.7,m5.large,,1,,costwatch,dev,0,0,HR,test,MobileApp,2
2/17/2026,AmazonECR,eu-west-1,ecr/costwatch-prod-repo-5f13,ECR:Storage,17.51,175.085,,,0,ECR,costwatch,prod,0,0,Operations,prod,WebApp,2
2/3/2026,AWSLambda,us-east-1,lambda:startup-x-staging-fn-ddb1,Lambda:Requests,1859763,18597630,,,0,,startup-x,staging,0,0,Operations,dev,MobileApp,2
2/23/2026,AmazonCloudWatch,us-west-2,res-b3d48f729d,CloudWatch:Metrics,46.9,469,,,0,,costwatch,prod,0,0,Marketing,dev,CloudMigration,2
2/9/2026,AmazonEC2,ap-south-1,i-c6adb34d88db8c6df,BoxUsage:t3.micro,0.25,2.529,t3.micro,,0,,carci,staging,0,0,HR,test,WebApp,2
2/6/2026,AmazonRDS,ap-south-1,db:budgetguard-prod-01,,16.84,168.382,,,0,,budgetguard,prod,168.382,0,IT,dev,CloudMigration,2
2/27/2026,AmazonCloudWatch,ap-northeast-1,res-43cacd78ca,CloudWatch:Metrics,4.4,44,,,0,,finops-lite,prod,0,0,IT,test,DataLake,2
2/8/2026,ElasticLoadBalancing,us-east-1,app/carci-test-alb/bc451d7a7d,DataTransfer-Out-Bytes,1.56,15.639,,,0,,carci,test,15.639,0,Marketing,test,AIResearch,2
2/18/2026,AWSLambda,ap-southeast-1,lambda:carci-test-fn-621d,Lambda:Requests,953605.9,9536059,,,0,,carci,test,0,0,Operations,test,DataLake,2
